{
  "cols": 4,
  "data": {
    "0": [
      0.4995836615562439,
      0.49956104159355164,
      0.4997190535068512,
      0.5000755190849304
    ],
    "1": [
      0.5001378059387207,
      0.5001599788665771,
      0.5002034902572632,
      0.4999236464500427
    ],
    "10": [
      0.8019306063652039,
      0.5110039710998535,
      0.3068794906139374,
      0.11049454659223557
    ],
    "11": [
      0.8010526895523071,
      0.5113883018493652,
      0.3062340319156647,
      0.11061244457960129
    ],
    "12": [
      0.6691659688949585,
      0.751448392868042,
      0.9055526852607727,
      0.912177562713623
    ],
    "13": [
      0.6686387658119202,
      0.751624584197998,
      0.9049797654151917,
      0.9118743538856506
    ],
    "14": [
      0.6689097285270691,
      0.7521767616271973,
      0.9054780602455139,
      0.9120097160339355
    ],
    "15": [
      0.12544040381908417,
      0.1459370255470276,
      0.09455809742212296,
      0.058761633932590485
    ],
    "16": [
      0.12480342388153076,
      0.1464335024356842,
      0.09483091533184052,
      0.058893777430057526
    ],
    "17": [
      0.12521962821483612,
      0.14552630484104156,
      0.0949413925409317,
      0.05869148299098015
    ],
    "18": [
      0.6983901858329773,
      0.21160218119621277,
      0.3283783793449402,
      0.8680837750434875
    ],
    "19": [
      0.6989221572875977,
      0.21144463121891022,
      0.3280723989009857,
      0.8679190874099731
    ],
    "2": [
      0.5003988742828369,
      0.500117301940918,
      0.49981677532196045,
      0.5000203251838684
    ],
    "20": [
      0.6988219618797302,
      0.2114957869052887,
      0.32891884446144104,
      0.8679798245429993
    ],
    "21": [
      0.8678705096244812,
      0.9339613318443298,
      0.9493045806884766,
      0.9783586859703064
    ],
    "22": [
      0.8674066662788391,
      0.9339772462844849,
      0.949336588382721,
      0.9782070517539978
    ],
    "23": [
      0.8676372170448303,
      0.9339838624000549,
      0.9491731524467468,
      0.9774430990219116
    ],
    "3": [
      0.8818544149398804,
      0.18276788294315338,
      0.8904779553413391,
      0.16177968680858612
    ],
    "4": [
      0.8823350071907043,
      0.18270893394947052,
      0.8903806805610657,
      0.16128724813461304
    ],
    "5": [
      0.8824830651283264,
      0.18251805007457733,
      0.8903661370277405,
      0.1613515317440033
    ],
    "6": [
      0.13994218409061432,
      0.7806922197341919,
      0.42314469814300537,
      0.8973832726478577
    ],
    "7": [
      0.13931451737880707,
      0.7805787324905396,
      0.4238235056400299,
      0.8971754908561707
    ],
    "8": [
      0.14013414084911346,
      0.7808511257171631,
      0.4233536720275879,
      0.8972969055175781
    ],
    "9": [
      0.801240086555481,
      0.5105547308921814,
      0.30674517154693604,
      0.11030799895524979
    ]
  }
}
