{
  "cols": 4,
  "data": {
    "0": [
      0.0807081088423729,
      0.7374049425125122,
      0.9557774662971497,
      0.1614191234111786
    ],
    "1": [
      0.08082123100757599,
      0.7371606230735779,
      0.9557920694351196,
      0.16197969019412994
    ],
    "10": [
      0.7280057072639465,
      0.7372223138809204,
      0.7815186381340027,
      0.8019432425498962
    ],
    "11": [
      0.728141188621521,
      0.7377144694328308,
      0.7807262539863586,
      0.8014808297157288
    ],
    "2": [
      0.08069770038127899,
      0.7373055815696716,
      0.9559765458106995,
      0.16173696517944336
    ],
    "3": [
      0.7648276090621948,
      0.46673399209976196,
      0.24826452136039734,
      0.9780879020690918
    ],
    "4": [
      0.7650549411773682,
      0.4668750464916229,
      0.2485520839691162,
      0.9779754281044006
    ],
    "5": [
      0.7647919654846191,
      0.4667937457561493,
      0.24787181615829468,
      0.9777250289916992
    ],
    "6": [
      0.9703313708305359,
      1.0,
      1.0,
      0.9778940677642822
    ],
    "7": [
      0.9703329801559448,
      1.0,
      0.9995608925819397,
      0.9779336452484131
    ],
    "8": [
      0.9701828360557556,
      1.0,
      0.999945342540741,
      0.9777413606643677
    ],
    "9": [
      0.7277295589447021,
      0.736829936504364,
      0.7810415625572205,
      0.8011069297790527
    ]
  }
}
