{
  "cols": 13,
  "data": {
    "0": [
      0.25544479489326477,
      0.3919467628002167,
      0.4113931357860565,
      0.9140733480453491,
      0.604502260684967,
      0.3500048816204071,
      0.3183177411556244,
      0.5054136514663696,
      0.9998257756233215,
      0.7501786351203918,
      0.9299855828285217,
      0.4663984775543213,
      0.5264925360679626
    ],
    "1": [
      0.25555792450904846,
      0.39170247316360474,
      0.4114077389240265,
      0.9146339297294617,
      0.6046153903007507,
      0.34976059198379517,
      0.31833234429359436,
      0.5059742331504822,
      0.9999389052391052,
      0.7499343752861023,
      0.9300001859664917,
      0.46695905923843384,
      0.5266056656837463
    ],
    "10": [
      0.6242183446884155,
      0.23863458633422852,
      0.5450594425201416,
      0.1396656185388565,
      0.5701051950454712,
      0.6209558248519897,
      0.27769121527671814,
      0.5474262237548828,
      0.40006449818611145,
      0.4999960660934448,
      0.7067180871963501,
      0.33656346797943115,
      0.4677307605743408
    ],
    "11": [
      0.6243538856506348,
      0.23912672698497772,
      0.5442670583724976,
      0.13920320570468903,
      0.5702407360076904,
      0.6214479804039001,
      0.2768988609313965,
      0.5469638109207153,
      0.4002000093460083,
      0.5004882216453552,
      0.705925703048706,
      0.33610105514526367,
      0.46786627173423767
    ],
    "2": [
      0.25543439388275146,
      0.3918474018573761,
      0.4115922451019287,
      0.9143912196159363,
      0.6044918298721313,
      0.34990552067756653,
      0.3185168504714966,
      0.5057315230369568,
      0.9998153448104858,
      0.750079333782196,
      0.9301847219467163,
      0.46671631932258606,
      0.526482105255127
    ],
    "3": [
      0.12724152207374573,
      0.4133540093898773,
      0.8234156966209412,
      0.842086911201477,
      0.9704787135124207,
      0.11846085637807846,
      0.48193269968032837,
      0.13483262062072754,
      1.0,
      0.0,
      0.14813880622386932,
      0.660885214805603,
      0.8631542325019836
    ],
    "4": [
      0.12746886909008026,
      0.4134950637817383,
      0.8237032294273376,
      0.8419744372367859,
      0.970706045627594,
      0.11860191822052002,
      0.48222026228904724,
      0.13472013175487518,
      1.0,
      0.0,
      0.1484263837337494,
      0.6607727408409119,
      0.863381564617157
    ],
    "5": [
      0.12720586359500885,
      0.41341373324394226,
      0.8230229616165161,
      0.8417240381240845,
      0.9704430103302002,
      0.11852060258388519,
      0.4815399944782257,
      0.13446971774101257,
      1.0,
      0.0,
      0.14774610102176666,
      0.6605223417282104,
      0.8631185293197632
    ],
    "6": [
      0.7640373706817627,
      0.5690231919288635,
      0.6624597907066345,
      0.33163687586784363,
      0.17701341211795807,
      0.22463743388652802,
      0.5813613533973694,
      0.5213198065757751,
      0.39974310994148254,
      0.25022855401039124,
      0.07099206745624542,
      0.19045326113700867,
      0.9838775396347046
    ],
    "7": [
      0.7640390396118164,
      0.5691586136817932,
      0.6615549921989441,
      0.3316764831542969,
      0.1770150363445282,
      0.2247728854417801,
      0.580456554889679,
      0.5213594436645508,
      0.39974474906921387,
      0.2503640353679657,
      0.07008723169565201,
      0.19049285352230072,
      0.9838792085647583
    ],
    "8": [
      0.7638888359069824,
      0.5691096186637878,
      0.6619394421577454,
      0.33148419857025146,
      0.1768648624420166,
      0.22472389042377472,
      0.5808410048484802,
      0.5211671590805054,
      0.39959457516670227,
      0.2503150403499603,
      0.07047171890735626,
      0.1903005689382553,
      0.9837290048599243
    ],
    "9": [
      0.6239422559738159,
      0.23824220895767212,
      0.5445823669433594,
      0.13882926106452942,
      0.5698291063308716,
      0.6205634474754333,
      0.2772141993045807,
      0.5465898513793945,
      0.39978840947151184,
      0.49960368871688843,
      0.7062410116195679,
      0.33572712540626526,
      0.4674546718597412
    ]
  }
}
