{
  "cols": 4,
  "data": {
    "0": [
      0.8600086569786072,
      0.8688094615936279,
      0.8317716121673584,
      0.8235436677932739
    ],
    "1": [
      0.8606409430503845,
      0.8681635856628418,
      0.8322435617446899,
      0.8234224915504456
    ],
    "10": [
      0.6547369956970215,
      0.6131846904754639,
      0.7808716297149658,
      0.779779851436615
    ],
    "11": [
      0.6546446681022644,
      0.6133079528808594,
      0.7806198000907898,
      0.7790769338607788
    ],
    "12": [
      0.13248461484909058,
      0.14604119956493378,
      0.08041063696146011,
      0.07318176329135895
    ],
    "13": [
      0.13237906992435455,
      0.14581210911273956,
      0.08054782450199127,
      0.07336486130952835
    ],
    "14": [
      0.13219022750854492,
      0.1458740085363388,
      0.08050551265478134,
      0.07362057268619537
    ],
    "2": [
      0.8600977063179016,
      0.8689354062080383,
      0.8319724202156067,
      0.8238983154296875
    ],
    "3": [
      0.9995269179344177,
      1.0,
      0.9998099207878113,
      1.0
    ],
    "4": [
      0.9996764659881592,
      1.0,
      0.9997077584266663,
      1.0
    ],
    "5": [
      0.9997957944869995,
      1.0,
      0.9998688101768494,
      1.0
    ],
    "6": [
      0.47756680846214294,
      0.5548952221870422,
      0.5837591290473938,
      0.44870010018348694
    ],
    "7": [
      0.47764742374420166,
      0.5543556213378906,
      0.5839383006095886,
      0.44820085167884827
    ],
    "8": [
      0.4783100485801697,
      0.5545428395271301,
      0.5838252902030945,
      0.4484799802303314
    ],
    "9": [
      0.6546802520751953,
      0.6131430268287659,
      0.7807613015174866,
      0.778965175151825
    ]
  }
}
