{
  "cols": 13,
  "data": {
    "0": [
      0.9724146723747253,
      0.870948314666748,
      0.21974079310894012,
      0.16291019320487976,
      0.181466743350029,
      0.45012983679771423,
      0.9526633620262146,
      0.7732117772102356,
      0.5997145175933838,
      0.25019630789756775,
      0.7837349772453308,
      0.8678101897239685,
      0.3298906683921814
    ],
    "1": [
      0.9730469584465027,
      0.8703023791313171,
      0.22021275758743286,
      0.1627889722585678,
      0.18209905922412872,
      0.4494839608669281,
      0.9531353116035461,
      0.7730906009674072,
      0.6003468632698059,
      0.24955041706562042,
      0.7842069268226624,
      0.8676890134811401,
      0.33052298426628113
    ],
    "10": [
      0.24242186546325684,
      0.9763546586036682,
      0.6925116777420044,
      0.1854582577943802,
      0.38970375061035156,
      0.8687345385551453,
      0.5333462953567505,
      0.9360918402671814,
      0.8003252148628235,
      0.5000459551811218,
      0.12736335396766663,
      0.9982002377510071,
      0.7787997722625732
    ],
    "11": [
      0.24232959747314453,
      0.9764779806137085,
      0.6922598481178284,
      0.1847553700208664,
      0.38961148262023926,
      0.8688578605651855,
      0.5330944657325745,
      0.93538898229599,
      0.8002329468727112,
      0.5001692771911621,
      0.1271115243434906,
      0.9974973797798157,
      0.7787075042724609
    ],
    "12": [
      0.24288970232009888,
      0.16546933352947235,
      0.8881730437278748,
      0.6833327412605286,
      0.7862464785575867,
      0.46487486362457275,
      0.6134409308433533,
      0.6666638255119324,
      0.20013166964054108,
      5.5797576351324096e-05,
      0.3627358078956604,
      0.9441574215888977,
      0.44370049238204956
    ],
    "13": [
      0.24278415739536285,
      0.16524024307727814,
      0.8883102536201477,
      0.6835158467292786,
      0.7861409187316895,
      0.46464577317237854,
      0.6135781407356262,
      0.6668469309806824,
      0.20002612471580505,
      0.0,
      0.36287298798561096,
      0.9443405270576477,
      0.44359496235847473
    ],
    "14": [
      0.24259531497955322,
      0.16530214250087738,
      0.8882679343223572,
      0.683771550655365,
      0.785952091217041,
      0.4647076725959778,
      0.6135358214378357,
      0.6671026349067688,
      0.19983728229999542,
      0.0,
      0.36283066868782043,
      0.9445962309837341,
      0.4434061050415039
    ],
    "2": [
      0.9725037217140198,
      0.8710741996765137,
      0.2199416160583496,
      0.16326481103897095,
      0.18155580759048462,
      0.45025578141212463,
      0.9528641700744629,
      0.7735664248466492,
      0.599803626537323,
      0.25032225251197815,
      0.7839357852935791,
      0.8681648373603821,
      0.32997971773147583
    ],
    "3": [
      0.8263021111488342,
      0.41464462876319885,
      0.4148003160953522,
      0.05567442625761032,
      0.25957897305488586,
      0.19453182816505432,
      0.6746911406517029,
      0.9801526069641113,
      0.0,
      0.5002354979515076,
      0.17863133549690247,
      0.03778194636106491,
      0.9161302447319031
    ],
    "4": [
      0.8264516592025757,
      0.41462236642837524,
      0.41469815373420715,
      0.05584077537059784,
      0.2597285807132721,
      0.1945095658302307,
      0.6745889782905579,
      0.9803189635276794,
      0.0,
      0.5002132058143616,
      0.17852917313575745,
      0.03794829547405243,
      0.9162797927856445
    ],
    "5": [
      0.826570987701416,
      0.4148786664009094,
      0.41485920548439026,
      0.05569325387477875,
      0.2598479092121124,
      0.1947658658027649,
      0.674750030040741,
      0.9801714420318604,
      0.0,
      0.5004695057868958,
      0.17869023978710175,
      0.03780077397823334,
      0.9163991212844849
    ],
    "6": [
      0.28880566358566284,
      0.7948123812675476,
      0.603828489780426,
      0.076361745595932,
      0.6715225577354431,
      0.44174280762672424,
      0.6029035449028015,
      0.8110800385475159,
      0.7996256351470947,
      0.500150740146637,
      0.19930438697338104,
      0.7718997597694397,
      0.48702532052993774
    ],
    "7": [
      0.28888627886772156,
      0.7942727208137512,
      0.6040076017379761,
      0.07586251944303513,
      0.6716031432151794,
      0.44120317697525024,
      0.6030826568603516,
      0.810580849647522,
      0.799706220626831,
      0.4996110796928406,
      0.19948354363441467,
      0.7714005708694458,
      0.48710593581199646
    ],
    "8": [
      0.28954893350601196,
      0.7944599390029907,
      0.6038946509361267,
      0.07614164799451828,
      0.6722658276557922,
      0.44139039516448975,
      0.6029697060585022,
      0.8108599781990051,
      0.8003689050674438,
      0.4997982978820801,
      0.19937054812908173,
      0.771679699420929,
      0.48776859045028687
    ],
    "9": [
      0.24236516654491425,
      0.9763129949569702,
      0.6924014091491699,
      0.18464359641075134,
      0.3896470367908478,
      0.8686928749084473,
      0.533236026763916,
      0.9352772235870361,
      0.8002684712409973,
      0.5000042915344238,
      0.12725304067134857,
      0.9973856210708618,
      0.7787430882453918
    ]
  }
}
